Elba Lazo,333,elbalazo@gmail.com
Elba Lazo,333,elbalazo@gmail.com
Elba Lazo,333,elbalazo@gmail.com
Elba Lazo,333,elbalazo@gmail.com
Elba Lazo,333,elbalazo@gmail.com
Elba Lazo,333,elbalazo@gmail.com
Elba Lazo,333,elbalazo@gmail.com
Elba Lazo,333,elbalazo@gmail.com
Elba Lazo,333,elbalazo@gmail.com
Elba Lazo,333,elbalazo@gmail.com
Elba Lazo,333,elbalazo@gmail.com
Elba Lazo,333,elbalazo@gmail.com
Elba Lazo,333,elbalazo@gmail.com
Elba Lazo,333,elbalazo@gmail.com
Elba Lazo,333,elbalazo@gmail.com
Elba Lazo,333,elbalazo@gmail.com
Elba Lazo,333,elbalazo@gmail.com
Elba Lazo,333,elbalazo@gmail.com
Elba Lazo,333,elbalazo@gmail.com
Elba Lazo,333,elbalazo@gmail.com
Elba Lazo,333,elbalazo@gmail.com
Elba Lazo,333,elbalazo@gmail.com
Elba Lazo,333,elbalazo@gmail.com
Elba Lazo,333,elbalazo@gmail.com
Elba Lazo,333,elbalazo@gmail.com
Elba Lazo,333,elbalazo@gmail.com
,,
